entity,category,count,tf,idf,tfidf
Europe,adaptation,3,0.0094,1.3863,0.013037
Morocco,adaptation,3,0.0094,1.3863,0.013037
1972,adaptation,2,0.0063,1.3863,0.008692
2025,adaptation,4,0.0125,0.6931,0.008692
African,adaptation,2,0.0063,1.3863,0.008692
Amman,adaptation,4,0.0125,0.6931,0.008692
Egypt,adaptation,2,0.0063,1.3863,0.008692
Mafraq,adaptation,2,0.0063,1.3863,0.008692
Masdar City,adaptation,2,0.0063,1.3863,0.008692
Middle Eastern,adaptation,2,0.0063,1.3863,0.008692
Sahara,adaptation,2,0.0063,1.3863,0.008692
one,adaptation,2,0.0063,1.3863,0.008692
the Jordanian Ministry of Agriculture,adaptation,2,0.0063,1.3863,0.008692
FAO,adaptation,3,0.0094,0.6931,0.006519
Israel,adaptation,3,0.0094,0.6931,0.006519
World Bank,adaptation,3,0.0094,0.6931,0.006519
2024,adaptation,6,0.0188,0.2877,0.005411
40%,adaptation,5,0.0157,0.2877,0.004509
$1.8 billion,adaptation,1,0.0031,1.3863,0.004346
$1.8 trillion,adaptation,1,0.0031,1.3863,0.004346
$10 billion,adaptation,1,0.0031,1.3863,0.004346
$12 million,adaptation,1,0.0031,1.3863,0.004346
$19 billion,adaptation,1,0.0031,1.3863,0.004346
$2 billion,adaptation,1,0.0031,1.3863,0.004346
$2.5 billion,adaptation,1,0.0031,1.3863,0.004346
$28 million,adaptation,1,0.0031,1.3863,0.004346
$3.5 billion,adaptation,1,0.0031,1.3863,0.004346
$387 billion,adaptation,1,0.0031,1.3863,0.004346
$5.5 million,adaptation,1,0.0031,1.3863,0.004346
$7.1 trillion,adaptation,1,0.0031,1.3863,0.004346
$72 billion,adaptation,1,0.0031,1.3863,0.004346
$990 million,adaptation,1,0.0031,1.3863,0.004346
0.033,adaptation,1,0.0031,1.3863,0.004346
0.038,adaptation,1,0.0031,1.3863,0.004346
0.049,adaptation,1,0.0031,1.3863,0.004346
0.40,adaptation,1,0.0031,1.3863,0.004346
10 million cubic meters,adaptation,1,0.0031,1.3863,0.004346
10 to 18,adaptation,1,0.0031,1.3863,0.004346
"10,000",adaptation,1,0.0031,1.3863,0.004346
10-megawatt,adaptation,1,0.0031,1.3863,0.004346
100 million,adaptation,1,0.0031,1.3863,0.004346
100 million cubic meters,adaptation,1,0.0031,1.3863,0.004346
100 years,adaptation,1,0.0031,1.3863,0.004346
11,adaptation,1,0.0031,1.3863,0.004346
117 megawatts,adaptation,1,0.0031,1.3863,0.004346
"12,000",adaptation,1,0.0031,1.3863,0.004346
12.9-megawatt,adaptation,1,0.0031,1.3863,0.004346
"130,000",adaptation,1,0.0031,1.3863,0.004346
14 hours,adaptation,1,0.0031,1.3863,0.004346
"14,000 acres",adaptation,1,0.0031,1.3863,0.004346
15 to,adaptation,1,0.0031,1.3863,0.004346
15-30%,adaptation,1,0.0031,1.3863,0.004346
"2,245 megawatts",adaptation,1,0.0031,1.3863,0.004346
"2,400 megawatts",adaptation,1,0.0031,1.3863,0.004346
2.3 billion,adaptation,1,0.0031,1.3863,0.004346
20 degrees,adaptation,1,0.0031,1.3863,0.004346
20-megawatt,adaptation,1,0.0031,1.3863,0.004346
200,adaptation,1,0.0031,1.3863,0.004346
200 million cubic meters,adaptation,1,0.0031,1.3863,0.004346
200-megawatt,adaptation,1,0.0031,1.3863,0.004346
2007,adaptation,1,0.0031,1.3863,0.004346
2013,adaptation,1,0.0031,1.3863,0.004346
2017,adaptation,1,0.0031,1.3863,0.004346
2018,adaptation,1,0.0031,1.3863,0.004346
2021,adaptation,2,0.0063,0.6931,0.004346
2023-2040,adaptation,1,0.0031,1.3863,0.004346
2026,adaptation,1,0.0031,1.3863,0.004346
2027,adaptation,1,0.0031,1.3863,0.004346
2063,adaptation,1,0.0031,1.3863,0.004346
215,adaptation,1,0.0031,1.3863,0.004346
"25,000",adaptation,1,0.0031,1.3863,0.004346
250 million,adaptation,1,0.0031,1.3863,0.004346
28%,adaptation,1,0.0031,1.3863,0.004346
29%,adaptation,1,0.0031,1.3863,0.004346
3 to 8 degrees Celsius,adaptation,1,0.0031,1.3863,0.004346
"3,000",adaptation,1,0.0031,1.3863,0.004346
3-degree,adaptation,1,0.0031,1.3863,0.004346
3.2,adaptation,1,0.0031,1.3863,0.004346
30-50%,adaptation,1,0.0031,1.3863,0.004346
300 million cubic meters,adaptation,1,0.0031,1.3863,0.004346
"300,000",adaptation,1,0.0031,1.3863,0.004346
34,adaptation,1,0.0031,1.3863,0.004346
35 million,adaptation,1,0.0031,1.3863,0.004346
38,adaptation,1,0.0031,1.3863,0.004346
4 years,adaptation,1,0.0031,1.3863,0.004346
"4,000",adaptation,1,0.0031,1.3863,0.004346
400 million cubic meters,adaptation,1,0.0031,1.3863,0.004346
400-kilometer,adaptation,1,0.0031,1.3863,0.004346
400-meter,adaptation,1,0.0031,1.3863,0.004346
45,adaptation,1,0.0031,1.3863,0.004346
"5,000 megawatts",adaptation,1,0.0031,1.3863,0.004346
5-15%,adaptation,1,0.0031,1.3863,0.004346
"500-5,000",adaptation,1,0.0031,1.3863,0.004346
500-megawatt,adaptation,1,0.0031,1.3863,0.004346
52%,adaptation,1,0.0031,1.3863,0.004346
580 megawatts,adaptation,1,0.0031,1.3863,0.004346
6 million,adaptation,1,0.0031,1.3863,0.004346
"6,000",adaptation,1,0.0031,1.3863,0.004346
60%,adaptation,2,0.0063,0.6931,0.004346
"60,000",adaptation,1,0.0031,1.3863,0.004346
60-80%,adaptation,1,0.0031,1.3863,0.004346
600,adaptation,1,0.0031,1.3863,0.004346
600 tonnes,adaptation,1,0.0031,1.3863,0.004346
"600,000",adaptation,1,0.0031,1.3863,0.004346
"635,000 tonnes",adaptation,1,0.0031,1.3863,0.004346
"76,000",adaptation,1,0.0031,1.3863,0.004346
"760,000 tonnes",adaptation,1,0.0031,1.3863,0.004346
8 million cubic meters,adaptation,1,0.0031,1.3863,0.004346
"8,000 kilometers",adaptation,1,0.0031,1.3863,0.004346
800 megawatts,adaptation,1,0.0031,1.3863,0.004346
863 megawatts,adaptation,1,0.0031,1.3863,0.004346
89%,adaptation,1,0.0031,1.3863,0.004346
95%,adaptation,1,0.0031,1.3863,0.004346
98%,adaptation,1,0.0031,1.3863,0.004346
99.5%,adaptation,1,0.0031,1.3863,0.004346
AI,adaptation,1,0.0031,1.3863,0.004346
Abu Dhabi's,adaptation,1,0.0031,1.3863,0.004346
Adaptation Gap Report,adaptation,1,0.0031,1.3863,0.004346
Al Tafila,adaptation,1,0.0031,1.3863,0.004346
Aqaba,adaptation,1,0.0031,1.3863,0.004346
Azraq,adaptation,1,0.0031,1.3863,0.004346
Ban Ki-moon,adaptation,1,0.0031,1.3863,0.004346
Bill Gates,adaptation,1,0.0031,1.3863,0.004346
Climate Action Plan,adaptation,1,0.0031,1.3863,0.004346
Costa Rica,adaptation,1,0.0031,1.3863,0.004346
Costa Rica's,adaptation,1,0.0031,1.3863,0.004346
Dead Sea,adaptation,1,0.0031,1.3863,0.004346
Delta,adaptation,1,0.0031,1.3863,0.004346
Denmark,adaptation,1,0.0031,1.3863,0.004346
Disi,adaptation,1,0.0031,1.3863,0.004346
Disi Water Conveyance Project,adaptation,1,0.0031,1.3863,0.004346
Djibouti,adaptation,1,0.0031,1.3863,0.004346
GIZ,adaptation,1,0.0031,1.3863,0.004346
German,adaptation,1,0.0031,1.3863,0.004346
Great Green Wall,adaptation,1,0.0031,1.3863,0.004346
Hussein Bin Talal,adaptation,1,0.0031,1.3863,0.004346
IKEA Foundation,adaptation,1,0.0031,1.3863,0.004346
Indonesia,adaptation,1,0.0031,1.3863,0.004346
IoT,adaptation,1,0.0031,1.3863,0.004346
Italy,adaptation,1,0.0031,1.3863,0.004346
January 2021,adaptation,1,0.0031,1.3863,0.004346
Kalundborg Symbiosis,adaptation,1,0.0031,1.3863,0.004346
KfW,adaptation,1,0.0031,1.3863,0.004346
Medina al-Munawwarah,adaptation,1,0.0031,1.3863,0.004346
Ministry of Water and Irrigation,adaptation,1,0.0031,1.3863,0.004346
NEOM,adaptation,1,0.0031,1.3863,0.004346
National Adaptation Plan,adaptation,1,0.0031,1.3863,0.004346
National Decarbonization Plan,adaptation,1,0.0031,1.3863,0.004346
National Solar Mission,adaptation,1,0.0031,1.3863,0.004346
Neom,adaptation,1,0.0031,1.3863,0.004346
Netherlands,adaptation,1,0.0031,1.3863,0.004346
Noor-Ouarzazate,adaptation,1,0.0031,1.3863,0.004346
Olkaria,adaptation,1,0.0031,1.3863,0.004346
Only $21 billion,adaptation,1,0.0031,1.3863,0.004346
Rajasthan,adaptation,1,0.0031,1.3863,0.004346
Red Cross,adaptation,1,0.0031,1.3863,0.004346
River,adaptation,1,0.0031,1.3863,0.004346
Sahel Initiative,adaptation,1,0.0031,1.3863,0.004346
Senegal,adaptation,1,0.0031,1.3863,0.004346
Singapore,adaptation,1,0.0031,1.3863,0.004346
Sustainable City,adaptation,1,0.0031,1.3863,0.004346
Syrian,adaptation,1,0.0031,1.3863,0.004346
The African Development Bank's,adaptation,1,0.0031,1.3863,0.004346
The African Union's Agenda,adaptation,1,0.0031,1.3863,0.004346
The Bhadla Solar Park,adaptation,1,0.0031,1.3863,0.004346
The Global Commission on Adaptation,adaptation,1,0.0031,1.3863,0.004346
The International Renewable Energy Agency,adaptation,1,0.0031,1.3863,0.004346
The Kingdom of Jordan,adaptation,1,0.0031,1.3863,0.004346
The Middle East's,adaptation,1,0.0031,1.3863,0.004346
The Red Sea's,adaptation,1,0.0031,1.3863,0.004346
The Royal Scientific Society,adaptation,1,0.0031,1.3863,0.004346
The Tuas Nexus,adaptation,1,0.0031,1.3863,0.004346
The United Nations Industrial Development Organization,adaptation,1,0.0031,1.3863,0.004346
USAID,adaptation,1,0.0031,1.3863,0.004346
an estimated 22%,adaptation,1,0.0031,1.3863,0.004346
"approximately 110,000",adaptation,1,0.0031,1.3863,0.004346
approximately 18 million,adaptation,1,0.0031,1.3863,0.004346
"approximately 43,000",adaptation,1,0.0031,1.3863,0.004346
"approximately 80,000",adaptation,1,0.0031,1.3863,0.004346
between 2020 and 2030,adaptation,1,0.0031,1.3863,0.004346
nine consecutive years,adaptation,1,0.0031,1.3863,0.004346
only 1.3%,adaptation,1,0.0031,1.3863,0.004346
only 8 hours,adaptation,1,0.0031,1.3863,0.004346
over 15 million,adaptation,1,0.0031,1.3863,0.004346
over 30%,adaptation,1,0.0031,1.3863,0.004346
over 99%,adaptation,1,0.0031,1.3863,0.004346
rainwater harvesting,adaptation,1,0.0031,1.3863,0.004346
rural health clinics,adaptation,1,0.0031,1.3863,0.004346
the 2024 winter season,adaptation,1,0.0031,1.3863,0.004346
the African Union,adaptation,1,0.0031,1.3863,0.004346
the Agricultural Research Centre,adaptation,1,0.0031,1.3863,0.004346
the Asian Development Bank,adaptation,1,0.0031,1.3863,0.004346
the European Bank for Reconstruction and Development,adaptation,1,0.0031,1.3863,0.004346
the European Space Agency,adaptation,1,0.0031,1.3863,0.004346
the Great Rift Valley,adaptation,1,0.0031,1.3863,0.004346
the Hydrogen Council,adaptation,1,0.0031,1.3863,0.004346
the International Renewable Energy Agency,adaptation,1,0.0031,1.3863,0.004346
the Japan International Cooperation Agency,adaptation,1,0.0031,1.3863,0.004346
the King Talal Dam reservoir,adaptation,1,0.0031,1.3863,0.004346
the National Water Strategy,adaptation,1,0.0031,1.3863,0.004346
the Nile Delta,adaptation,1,0.0031,1.3863,0.004346
the One Planet Summit,adaptation,1,0.0031,1.3863,0.004346
the Palestinian Authority,adaptation,1,0.0031,1.3863,0.004346
the Red Sea,adaptation,1,0.0031,1.3863,0.004346
"the Rhine, Meuse",adaptation,1,0.0031,1.3863,0.004346
up to 10%,adaptation,1,0.0031,1.3863,0.004346
up to 4 meters,adaptation,1,0.0031,1.3863,0.004346
up to 7 hours,adaptation,1,0.0031,1.3863,0.004346
up to 90%,adaptation,1,0.0031,1.3863,0.004346
50%,adaptation,3,0.0094,0.2877,0.002705
Kenya,adaptation,3,0.0094,0.2877,0.002705
the Jordan Valley,adaptation,3,0.0094,0.2877,0.002705
12%,adaptation,1,0.0031,0.6931,0.002173
2010,adaptation,1,0.0031,0.6931,0.002173
2019,adaptation,1,0.0031,0.6931,0.002173
2020,adaptation,1,0.0031,0.6931,0.002173
25%,adaptation,1,0.0031,0.6931,0.002173
280,adaptation,1,0.0031,0.6931,0.002173
35%,adaptation,1,0.0031,0.6931,0.002173
40 million,adaptation,1,0.0031,0.6931,0.002173
Asia,adaptation,1,0.0031,0.6931,0.002173
Baghdad,adaptation,1,0.0031,0.6931,0.002173
Bangladesh,adaptation,1,0.0031,0.6931,0.002173
CO2,adaptation,1,0.0031,0.6931,0.002173
Dubai,adaptation,1,0.0031,0.6931,0.002173
Greece,adaptation,1,0.0031,0.6931,0.002173
January 2024,adaptation,1,0.0031,0.6931,0.002173
Riyadh,adaptation,1,0.0031,0.6931,0.002173
Sahel,adaptation,1,0.0031,0.6931,0.002173
Saudi Arabia's,adaptation,1,0.0031,0.6931,0.002173
Spain,adaptation,1,0.0031,0.6931,0.002173
UNHCR,adaptation,1,0.0031,0.6931,0.002173
summer,adaptation,1,0.0031,0.6931,0.002173
80%,adaptation,2,0.0063,0.2877,0.001804
Africa,adaptation,2,0.0063,0.2877,0.001804
Mediterranean,adaptation,2,0.0063,0.2877,0.001804
Saudi Arabia,adaptation,2,0.0063,0.2877,0.001804
UNEP,adaptation,2,0.0063,0.2877,0.001804
45%,adaptation,1,0.0031,0.2877,0.000902
Middle East,adaptation,1,0.0031,0.2877,0.000902
North Africa,adaptation,1,0.0031,0.2877,0.000902
2023,adaptation,5,0.0157,0.0,0.0
2030,adaptation,7,0.0219,0.0,0.0
2050,adaptation,4,0.0125,0.0,0.0
India,adaptation,2,0.0063,0.0,0.0
Jordan,adaptation,12,0.0376,0.0,0.0
March 2024,adaptation,1,0.0031,0.0,0.0
12 million,impact,2,0.0079,1.3863,0.010916
August,impact,2,0.0079,1.3863,0.010916
Libya,impact,2,0.0079,1.3863,0.010916
Somalia,impact,2,0.0079,1.3863,0.010916
South Asia,impact,4,0.0157,0.6931,0.010916
The World Health Organization,impact,2,0.0079,1.3863,0.010916
Turkey,impact,2,0.0079,1.3863,0.010916
Tuvalu,impact,2,0.0079,1.3863,0.010916
1970,impact,3,0.0118,0.6931,0.008187
Amman,impact,3,0.0118,0.6931,0.008187
Middle East,impact,5,0.0197,0.2877,0.005663
$2.4 trillion,impact,1,0.0039,1.3863,0.005458
$375 billion,impact,1,0.0039,1.3863,0.005458
$490 billion,impact,1,0.0039,1.3863,0.005458
$92.9 billion,impact,1,0.0039,1.3863,0.005458
1 degree,impact,1,0.0039,1.3863,0.005458
"1,739",impact,1,0.0039,1.3863,0.005458
1.2 million,impact,1,0.0039,1.3863,0.005458
1.3 billion cubic meters,impact,1,0.0039,1.3863,0.005458
10-25%,impact,1,0.0039,1.3863,0.005458
12 days,impact,1,0.0039,1.3863,0.005458
120 million,impact,1,0.0039,1.3863,0.005458
18 separate days,impact,1,0.0039,1.3863,0.005458
190%,impact,1,0.0039,1.3863,0.005458
1920,impact,1,0.0039,1.3863,0.005458
1961,impact,1,0.0039,1.3863,0.005458
2 degrees,impact,2,0.0079,0.6931,0.005458
2.1 degrees,impact,1,0.0039,1.3863,0.005458
2.4 million,impact,1,0.0039,1.3863,0.005458
"20,000",impact,1,0.0039,1.3863,0.005458
2000,impact,1,0.0039,1.3863,0.005458
2009,impact,1,0.0039,1.3863,0.005458
2018-2022,impact,1,0.0039,1.3863,0.005458
2020-2023,impact,1,0.0039,1.3863,0.005458
2024 heatwave season,impact,1,0.0039,1.3863,0.005458
22.8 million,impact,1,0.0039,1.3863,0.005458
23 billion dollar,impact,1,0.0039,1.3863,0.005458
24 hours,impact,1,0.0039,1.3863,0.005458
26.4 million,impact,1,0.0039,1.3863,0.005458
270,impact,1,0.0039,1.3863,0.005458
270 kilometers per hour,impact,1,0.0039,1.3863,0.005458
28,impact,1,0.0039,1.3863,0.005458
3-5%,impact,1,0.0039,1.3863,0.005458
3.3 to 3.6 billion,impact,1,0.0039,1.3863,0.005458
3.7 million,impact,1,0.0039,1.3863,0.005458
33 million,impact,1,0.0039,1.3863,0.005458
35 degrees,impact,1,0.0039,1.3863,0.005458
36 million,impact,1,0.0039,1.3863,0.005458
37%,impact,1,0.0039,1.3863,0.005458
4.2 million,impact,1,0.0039,1.3863,0.005458
40 days,impact,1,0.0039,1.3863,0.005458
40 degrees,impact,1,0.0039,1.3863,0.005458
"40,000",impact,1,0.0039,1.3863,0.005458
"400,000",impact,1,0.0039,1.3863,0.005458
41%,impact,1,0.0039,1.3863,0.005458
414 millimeters,impact,1,0.0039,1.3863,0.005458
45 million,impact,1,0.0039,1.3863,0.005458
48 degrees,impact,1,0.0039,1.3863,0.005458
500 cubic meters,impact,1,0.0039,1.3863,0.005458
68%,impact,1,0.0039,1.3863,0.005458
"7,000",impact,1,0.0039,1.3863,0.005458
70-90%,impact,1,0.0039,1.3863,0.005458
73,impact,1,0.0039,1.3863,0.005458
75 micrograms per cubic meter,impact,1,0.0039,1.3863,0.005458
76%,impact,1,0.0039,1.3863,0.005458
8 million,impact,1,0.0039,1.3863,0.005458
80 million,impact,1,0.0039,1.3863,0.005458
93%,impact,1,0.0039,1.3863,0.005458
Acapulco,impact,1,0.0039,1.3863,0.005458
Algeria,impact,1,0.0039,1.3863,0.005458
Australia,impact,1,0.0039,1.3863,0.005458
Bolivia,impact,1,0.0039,1.3863,0.005458
Burkina Faso,impact,1,0.0039,1.3863,0.005458
Caribbean,impact,1,0.0039,1.3863,0.005458
Category 5,impact,1,0.0039,1.3863,0.005458
Chad,impact,1,0.0039,1.3863,0.005458
Derna,impact,1,0.0039,1.3863,0.005458
East Africa,impact,1,0.0039,1.3863,0.005458
Ethiopia,impact,1,0.0039,1.3863,0.005458
European,impact,1,0.0039,1.3863,0.005458
Flash,impact,1,0.0039,1.3863,0.005458
Friends of the Earth Middle East,impact,1,0.0039,1.3863,0.005458
GLOF,impact,1,0.0039,1.3863,0.005458
Global Risks Report,impact,1,0.0039,1.3863,0.005458
Himalayas,impact,1,0.0039,1.3863,0.005458
Hindu Kush,impact,1,0.0039,1.3863,0.005458
Hurricane Otis,impact,1,0.0039,1.3863,0.005458
Karakoram,impact,1,0.0039,1.3863,0.005458
Kiribati,impact,1,0.0039,1.3863,0.005458
Kush Himalaya,impact,1,0.0039,1.3863,0.005458
Lahaina,impact,1,0.0039,1.3863,0.005458
Lebanon,impact,1,0.0039,1.3863,0.005458
Levant,impact,1,0.0039,1.3863,0.005458
Mali,impact,1,0.0039,1.3863,0.005458
Mexico,impact,1,0.0039,1.3863,0.005458
Niger,impact,1,0.0039,1.3863,0.005458
"October 25, 2023",impact,1,0.0039,1.3863,0.005458
Qatar,impact,1,0.0039,1.3863,0.005458
Sahel,impact,2,0.0079,0.6931,0.005458
Scandinavia,impact,1,0.0039,1.3863,0.005458
September 2022,impact,1,0.0039,1.3863,0.005458
Sicily,impact,1,0.0039,1.3863,0.005458
Sikkim,impact,1,0.0039,1.3863,0.005458
Southeast Asian,impact,1,0.0039,1.3863,0.005458
Storm Daniel,impact,1,0.0039,1.3863,0.005458
Syria,impact,1,0.0039,1.3863,0.005458
Teesta III,impact,1,0.0039,1.3863,0.005458
The Coral Triangle Initiative,impact,1,0.0039,1.3863,0.005458
The Dead Sea,impact,1,0.0039,1.3863,0.005458
The Global Biodiversity Framework Monitor,impact,1,0.0039,1.3863,0.005458
The Global Heat Health Information Network,impact,1,0.0039,1.3863,0.005458
The IPCC Working Group II,impact,1,0.0039,1.3863,0.005458
The International Labour Organization,impact,1,0.0039,1.3863,0.005458
The Jordan River,impact,1,0.0039,1.3863,0.005458
The Jordanian Department of Meteorology,impact,1,0.0039,1.3863,0.005458
The Lancet Countdown on Health and Climate Change,impact,1,0.0039,1.3863,0.005458
The Lancet Planetary Health,impact,1,0.0039,1.3863,0.005458
The Mediterranean Sea,impact,1,0.0039,1.3863,0.005458
The Ministry of Health,impact,1,0.0039,1.3863,0.005458
The Sahara Desert,impact,1,0.0039,1.3863,0.005458
The World Economic Forum's,impact,1,0.0039,1.3863,0.005458
The World Food Programme,impact,1,0.0039,1.3863,0.005458
The World Resources Institute,impact,1,0.0039,1.3863,0.005458
Tunisia,impact,1,0.0039,1.3863,0.005458
WHO,impact,1,0.0039,1.3863,0.005458
a decade,impact,1,0.0039,1.3863,0.005458
an estimated $3.5 billion,impact,1,0.0039,1.3863,0.005458
"approximately 250,000",impact,1,0.0039,1.3863,0.005458
approximately 48 kilometers,impact,1,0.0039,1.3863,0.005458
approximately 500 million,impact,1,0.0039,1.3863,0.005458
approximately 80 cubic meters,impact,1,0.0039,1.3863,0.005458
approximately one-third,impact,1,0.0039,1.3863,0.005458
at least 52,impact,1,0.0039,1.3863,0.005458
between 2000 and 2022,impact,1,0.0039,1.3863,0.005458
between 2030,impact,1,0.0039,1.3863,0.005458
billion-dollar,impact,1,0.0039,1.3863,0.005458
every 5 seconds,impact,1,0.0039,1.3863,0.005458
hours,impact,1,0.0039,1.3863,0.005458
just 12 hours,impact,1,0.0039,1.3863,0.005458
just 2 meters,impact,1,0.0039,1.3863,0.005458
late 2023,impact,1,0.0039,1.3863,0.005458
less than 100 million cubic meters,impact,1,0.0039,1.3863,0.005458
less than a year,impact,1,0.0039,1.3863,0.005458
marine habitat,impact,1,0.0039,1.3863,0.005458
millions,impact,1,0.0039,1.3863,0.005458
months,impact,1,0.0039,1.3863,0.005458
more than 1 meter,impact,1,0.0039,1.3863,0.005458
one-third,impact,1,0.0039,1.3863,0.005458
over $16 billion,impact,1,0.0039,1.3863,0.005458
over $30 billion,impact,1,0.0039,1.3863,0.005458
"over 11,000",impact,1,0.0039,1.3863,0.005458
over 13 million,impact,1,0.0039,1.3863,0.005458
over 40,impact,1,0.0039,1.3863,0.005458
"over 5,000",impact,1,0.0039,1.3863,0.005458
summer hours,impact,1,0.0039,1.3863,0.005458
the 1980s,impact,1,0.0039,1.3863,0.005458
the 2023 summer,impact,1,0.0039,1.3863,0.005458
the African Union's Climate Research Centre,impact,1,0.0039,1.3863,0.005458
the Democratic Republic of Congo,impact,1,0.0039,1.3863,0.005458
the Eastern Pacific,impact,1,0.0039,1.3863,0.005458
the Internal Displacement Monitoring Centre,impact,1,0.0039,1.3863,0.005458
the Jordan River,impact,1,0.0039,1.3863,0.005458
the Marshall Islands',impact,1,0.0039,1.3863,0.005458
the West Bank,impact,1,0.0039,1.3863,0.005458
the summer of 2023,impact,1,0.0039,1.3863,0.005458
threatens 40%,impact,1,0.0039,1.3863,0.005458
up to 280,impact,1,0.0039,1.3863,0.005458
up to 30%,impact,1,0.0039,1.3863,0.005458
up to 50%,impact,1,0.0039,1.3863,0.005458
Mediterranean,impact,3,0.0118,0.2877,0.003398
1.5 degrees,impact,1,0.0039,0.6931,0.002729
10%,impact,1,0.0039,0.6931,0.002729
100,impact,1,0.0039,0.6931,0.002729
12%,impact,1,0.0039,0.6931,0.002729
1960,impact,1,0.0039,0.6931,0.002729
1990,impact,1,0.0039,0.6931,0.002729
2 billion,impact,1,0.0039,0.6931,0.002729
2040,impact,1,0.0039,0.6931,0.002729
21%,impact,1,0.0039,0.6931,0.002729
25%,impact,1,0.0039,0.6931,0.002729
35%,impact,1,0.0039,0.6931,0.002729
40 million,impact,1,0.0039,0.6931,0.002729
40 years,impact,1,0.0039,0.6931,0.002729
Baghdad,impact,1,0.0039,0.6931,0.002729
Brazil,impact,1,0.0039,0.6931,0.002729
Earth,impact,1,0.0039,0.6931,0.002729
El Nino,impact,1,0.0039,0.6931,0.002729
Greece,impact,1,0.0039,0.6931,0.002729
Hawaii,impact,1,0.0039,0.6931,0.002729
Hindu,impact,1,0.0039,0.6931,0.002729
Israel,impact,1,0.0039,0.6931,0.002729
June 2024,impact,1,0.0039,0.6931,0.002729
NOAA,impact,1,0.0039,0.6931,0.002729
October 2023,impact,1,0.0039,0.6931,0.002729
Pacific Island,impact,1,0.0039,0.6931,0.002729
Pakistan,impact,1,0.0039,0.6931,0.002729
Riyadh,impact,1,0.0039,0.6931,0.002729
Southern Europe,impact,1,0.0039,0.6931,0.002729
Sub-Saharan Africa,impact,1,0.0039,0.6931,0.002729
UNHCR,impact,1,0.0039,0.6931,0.002729
United Arab Emirates,impact,1,0.0039,0.6931,0.002729
summer,impact,1,0.0039,0.6931,0.002729
the Northern Hemisphere,impact,1,0.0039,0.6931,0.002729
the United States,impact,1,0.0039,0.6931,0.002729
50%,impact,2,0.0079,0.2877,0.002265
2024,impact,1,0.0039,0.2877,0.001133
2100,impact,1,0.0039,0.2877,0.001133
40%,impact,1,0.0039,0.2877,0.001133
Africa,impact,1,0.0039,0.2877,0.001133
Kenya,impact,1,0.0039,0.2877,0.001133
North Africa,impact,1,0.0039,0.2877,0.001133
Saudi Arabia,impact,1,0.0039,0.2877,0.001133
September 2023,impact,1,0.0039,0.2877,0.001133
the Jordan Valley,impact,1,0.0039,0.2877,0.001133
2023,impact,6,0.0236,0.0,0.0
2030,impact,2,0.0079,0.0,0.0
2050,impact,1,0.0039,0.0,0.0
India,impact,1,0.0039,0.0,0.0
Jordan,impact,6,0.0236,0.0,0.0
March 2024,impact,1,0.0039,0.0,0.0
Paris Agreement,policy,6,0.0226,1.3863,0.03127
$1.3 trillion,policy,3,0.0113,1.3863,0.015635
2022,policy,5,0.0188,0.6931,0.013029
$250 million,policy,2,0.0075,1.3863,0.010423
December 2023,policy,2,0.0075,1.3863,0.010423
Germany,policy,2,0.0075,1.3863,0.010423
Glasgow,policy,2,0.0075,1.3863,0.010423
China,policy,3,0.0113,0.6931,0.007817
European Union,policy,3,0.0113,0.6931,0.007817
October 2023,policy,3,0.0113,0.6931,0.007817
$1.2 billion,policy,1,0.0038,1.3863,0.005212
$1.27 trillion,policy,1,0.0038,1.3863,0.005212
$100 billion,policy,1,0.0038,1.3863,0.005212
$100 million,policy,1,0.0038,1.3863,0.005212
$12 billion,policy,1,0.0038,1.3863,0.005212
$12.5 billion,policy,1,0.0038,1.3863,0.005212
$150 million,policy,1,0.0038,1.3863,0.005212
$180 million,policy,1,0.0038,1.3863,0.005212
$2.2 trillion,policy,1,0.0038,1.3863,0.005212
$4 billion,policy,1,0.0038,1.3863,0.005212
$4 trillion,policy,1,0.0038,1.3863,0.005212
$45 million,policy,1,0.0038,1.3863,0.005212
$50 billion,policy,1,0.0038,1.3863,0.005212
$50 million,policy,1,0.0038,1.3863,0.005212
$500 billion,policy,1,0.0038,1.3863,0.005212
$500 million,policy,1,0.0038,1.3863,0.005212
$575 billion,policy,1,0.0038,1.3863,0.005212
$7 trillion,policy,1,0.0038,1.3863,0.005212
$75 million,policy,1,0.0038,1.3863,0.005212
$792 million,policy,1,0.0038,1.3863,0.005212
$8.1 trillion,policy,1,0.0038,1.3863,0.005212
$90 million,policy,1,0.0038,1.3863,0.005212
0.2 degrees Celsius,policy,1,0.0038,1.3863,0.005212
1 billion,policy,1,0.0038,1.3863,0.005212
1 trillion,policy,1,0.0038,1.3863,0.005212
1.5 degrees,policy,2,0.0075,0.6931,0.005212
1.5-degree,policy,1,0.0038,1.3863,0.005212
190,policy,1,0.0038,1.3863,0.005212
"2,600-megawatt",policy,1,0.0038,1.3863,0.005212
2.0 degrees,policy,1,0.0038,1.3863,0.005212
2.4-2.6 degrees,policy,1,0.0038,1.3863,0.005212
2.5,policy,1,0.0038,1.3863,0.005212
2.9 degrees,policy,1,0.0038,1.3863,0.005212
2005,policy,1,0.0038,1.3863,0.005212
2008,policy,1,0.0038,1.3863,0.005212
2019-2030,policy,1,0.0038,1.3863,0.005212
2021,policy,2,0.0075,0.6931,0.005212
2021-2022,policy,1,0.0038,1.3863,0.005212
2035,policy,1,0.0038,1.3863,0.005212
2047,policy,1,0.0038,1.3863,0.005212
2070,policy,1,0.0038,1.3863,0.005212
278 million tonnes,policy,1,0.0038,1.3863,0.005212
31%,policy,1,0.0038,1.3863,0.005212
32%,policy,1,0.0038,1.3863,0.005212
36 billion,policy,1,0.0038,1.3863,0.005212
4.5 billion,policy,1,0.0038,1.3863,0.005212
42%,policy,1,0.0038,1.3863,0.005212
48%,policy,1,0.0038,1.3863,0.005212
50 billion,policy,1,0.0038,1.3863,0.005212
500 million,policy,1,0.0038,1.3863,0.005212
57%,policy,1,0.0038,1.3863,0.005212
58%,policy,1,0.0038,1.3863,0.005212
63%,policy,1,0.0038,1.3863,0.005212
65,policy,1,0.0038,1.3863,0.005212
7.1%,policy,1,0.0038,1.3863,0.005212
70%,policy,1,0.0038,1.3863,0.005212
735 million,policy,1,0.0038,1.3863,0.005212
94%,policy,1,0.0038,1.3863,0.005212
Ajay Banga,policy,1,0.0038,1.3863,0.005212
Amazon,policy,1,0.0038,1.3863,0.005212
Antonio Guterres,policy,1,0.0038,1.3863,0.005212
August 2023,policy,1,0.0038,1.3863,0.005212
Bangladesh,policy,2,0.0075,0.6931,0.005212
COP,policy,1,0.0038,1.3863,0.005212
COP27,policy,1,0.0038,1.3863,0.005212
California,policy,1,0.0038,1.3863,0.005212
Carbon Border Adjustment Mechanism,policy,1,0.0038,1.3863,0.005212
Change Xie Zhenhua,policy,1,0.0038,1.3863,0.005212
Emissions Gap Report,policy,1,0.0038,1.3863,0.005212
FAO,policy,2,0.0075,0.6931,0.005212
Fatih Birol,policy,1,0.0038,1.3863,0.005212
February 2025,policy,1,0.0038,1.3863,0.005212
G20,policy,1,0.0038,1.3863,0.005212
Green Climate Fund,policy,1,0.0038,1.3863,0.005212
Green Initiative,policy,1,0.0038,1.3863,0.005212
IBAMA,policy,1,0.0038,1.3863,0.005212
IEA,policy,1,0.0038,1.3863,0.005212
IMF,policy,1,0.0038,1.3863,0.005212
January 2019,policy,1,0.0038,1.3863,0.005212
January 2026,policy,1,0.0038,1.3863,0.005212
John Kerry,policy,1,0.0038,1.3863,0.005212
June 2024,policy,2,0.0075,0.6931,0.005212
Kush Himalayan,policy,1,0.0038,1.3863,0.005212
Lula da Silva,policy,1,0.0038,1.3863,0.005212
March 2023,policy,1,0.0038,1.3863,0.005212
Middle East Green Initiative,policy,1,0.0038,1.3863,0.005212
Ministry of Environment and Climate Change,policy,1,0.0038,1.3863,0.005212
Narendra Modi,policy,1,0.0038,1.3863,0.005212
National Climate Change Policy,policy,1,0.0038,1.3863,0.005212
Nationally Determined Contribution,policy,1,0.0038,1.3863,0.005212
Net Zero,policy,1,0.0038,1.3863,0.005212
New York,policy,1,0.0038,1.3863,0.005212
Norway,policy,1,0.0038,1.3863,0.005212
November 2021,policy,1,0.0038,1.3863,0.005212
November 2023,policy,1,0.0038,1.3863,0.005212
OECD,policy,1,0.0038,1.3863,0.005212
"Over 2,300",policy,1,0.0038,1.3863,0.005212
Over 200 million,policy,1,0.0038,1.3863,0.005212
Poland,policy,1,0.0038,1.3863,0.005212
Qu Dongyu,policy,1,0.0038,1.3863,0.005212
Russia,policy,1,0.0038,1.3863,0.005212
Saudi,policy,1,0.0038,1.3863,0.005212
Sharm el-Sheikh,policy,1,0.0038,1.3863,0.005212
Simon Stiell,policy,1,0.0038,1.3863,0.005212
Sixth Assessment Report,policy,1,0.0038,1.3863,0.005212
Songdo,policy,1,0.0038,1.3863,0.005212
South,policy,1,0.0038,1.3863,0.005212
South Korea,policy,1,0.0038,1.3863,0.005212
Southeast Asia,policy,1,0.0038,1.3863,0.005212
State of Food and Agriculture 2023,policy,1,0.0038,1.3863,0.005212
Sudair,policy,1,0.0038,1.3863,0.005212
Sunnylands,policy,1,0.0038,1.3863,0.005212
The Asian Development Bank,policy,1,0.0038,1.3863,0.005212
The Climate Justice Alliance,policy,1,0.0038,1.3863,0.005212
The European Investment Bank,policy,1,0.0038,1.3863,0.005212
The European Union's,policy,1,0.0038,1.3863,0.005212
The Global Adaptation Finance Tracker,policy,1,0.0038,1.3863,0.005212
The Global Landscape of Climate Finance,policy,1,0.0038,1.3863,0.005212
The Global Methane Pledge,policy,1,0.0038,1.3863,0.005212
The Global Stocktake at COP28,policy,1,0.0038,1.3863,0.005212
The International Energy Agency's,policy,1,0.0038,1.3863,0.005212
The International Maritime Organization,policy,1,0.0038,1.3863,0.005212
The Kigali Amendment,policy,1,0.0038,1.3863,0.005212
The Ministry of Environment,policy,1,0.0038,1.3863,0.005212
UNDP,policy,1,0.0038,1.3863,0.005212
UNFCCC,policy,1,0.0038,1.3863,0.005212
United Arab Emirates,policy,2,0.0075,0.6931,0.005212
United Kingdom,policy,1,0.0038,1.3863,0.005212
Vanuatu,policy,1,0.0038,1.3863,0.005212
Vision 2030,policy,1,0.0038,1.3863,0.005212
World Bank,policy,2,0.0075,0.6931,0.005212
approximately $100 billion,policy,1,0.0038,1.3863,0.005212
approximately 3%,policy,1,0.0038,1.3863,0.005212
approximately 70%,policy,1,0.0038,1.3863,0.005212
non-CO2,policy,1,0.0038,1.3863,0.005212
only 3.8%,policy,1,0.0038,1.3863,0.005212
only 6,policy,1,0.0038,1.3863,0.005212
only 6%,policy,1,0.0038,1.3863,0.005212
only 7%,policy,1,0.0038,1.3863,0.005212
"over 12,500",policy,1,0.0038,1.3863,0.005212
over 130,policy,1,0.0038,1.3863,0.005212
over 150,policy,1,0.0038,1.3863,0.005212
the African Group of Negotiators,policy,1,0.0038,1.3863,0.005212
the Amazon Fund,policy,1,0.0038,1.3863,0.005212
the Bonn Climate Change Conference,policy,1,0.0038,1.3863,0.005212
the Central Bank of Jordan,policy,1,0.0038,1.3863,0.005212
the Climate Ambition Summit,policy,1,0.0038,1.3863,0.005212
the Climate Policy Initiative,policy,1,0.0038,1.3863,0.005212
the Congo Basin,policy,1,0.0038,1.3863,0.005212
the International Court of Justice,policy,1,0.0038,1.3863,0.005212
the International Year of Glaciers,policy,1,0.0038,1.3863,0.005212
the Kigali Amendment,policy,1,0.0038,1.3863,0.005212
the North Sea,policy,1,0.0038,1.3863,0.005212
the Renewable Energy and Energy Efficiency Law,policy,1,0.0038,1.3863,0.005212
the United Nations,policy,1,0.0038,1.3863,0.005212
the United Nations General Assembly,policy,1,0.0038,1.3863,0.005212
the United States,policy,2,0.0075,0.6931,0.005212
the end of 2023,policy,1,0.0038,1.3863,0.005212
the estimated $400 billion,policy,1,0.0038,1.3863,0.005212
the first seven months,policy,1,0.0038,1.3863,0.005212
thousands,policy,1,0.0038,1.3863,0.005212
two weeks,policy,1,0.0038,1.3863,0.005212
2100,policy,3,0.0113,0.2877,0.003245
50%,policy,3,0.0113,0.2877,0.003245
0.5 degrees,policy,1,0.0038,0.6931,0.002606
100,policy,1,0.0038,0.6931,0.002606
2 billion,policy,1,0.0038,0.6931,0.002606
20%,policy,1,0.0038,0.6931,0.002606
2019,policy,1,0.0038,0.6931,0.002606
2020,policy,1,0.0038,0.6931,0.002606
2025,policy,1,0.0038,0.6931,0.002606
2040,policy,1,0.0038,0.6931,0.002606
30%,policy,1,0.0038,0.6931,0.002606
Asia,policy,1,0.0038,0.6931,0.002606
Brazil,policy,1,0.0038,0.6931,0.002606
Dubai,policy,1,0.0038,0.6931,0.002606
Hindu,policy,1,0.0038,0.6931,0.002606
IPCC,policy,1,0.0038,0.6931,0.002606
July 2023,policy,1,0.0038,0.6931,0.002606
Pacific Island,policy,1,0.0038,0.6931,0.002606
Pakistan,policy,1,0.0038,0.6931,0.002606
Saudi Arabia's,policy,1,0.0038,0.6931,0.002606
South Asia,policy,1,0.0038,0.6931,0.002606
Spain,policy,1,0.0038,0.6931,0.002606
Sub-Saharan Africa,policy,1,0.0038,0.6931,0.002606
United States,policy,1,0.0038,0.6931,0.002606
the Montreal Protocol,policy,1,0.0038,0.6931,0.002606
UNEP,policy,2,0.0075,0.2877,0.002163
45%,policy,1,0.0038,0.2877,0.001082
80%,policy,1,0.0038,0.2877,0.001082
Africa,policy,1,0.0038,0.2877,0.001082
Kenya,policy,1,0.0038,0.2877,0.001082
September 2023,policy,1,0.0038,0.2877,0.001082
2023,policy,4,0.015,0.0,0.0
2030,policy,14,0.0526,0.0,0.0
2050,policy,3,0.0113,0.0,0.0
India,policy,3,0.0113,0.0,0.0
Jordan,policy,4,0.015,0.0,0.0
March 2024,policy,1,0.0038,0.0,0.0
Arctic,science,3,0.0102,1.3863,0.014194
NASA,science,3,0.0102,1.3863,0.014194
Red Sea,science,3,0.0102,1.3863,0.014194
1900,science,2,0.0068,1.3863,0.009463
Antarctic,science,2,0.0068,1.3863,0.009463
Antarctic sea,science,2,0.0068,1.3863,0.009463
CO2,science,4,0.0137,0.6931,0.009463
February 2024,science,2,0.0068,1.3863,0.009463
GRACE-FO,science,2,0.0068,1.3863,0.009463
Science,science,2,0.0068,1.3863,0.009463
the Atlantic Meridional Overturning Circulation,science,2,0.0068,1.3863,0.009463
the Greenland Ice Sheet,science,2,0.0068,1.3863,0.009463
the Gulf of Aqaba,science,2,0.0068,1.3863,0.009463
the University of Jordan,science,2,0.0068,1.3863,0.009463
Middle East,science,5,0.0171,0.2877,0.004909
0.3 degrees,science,1,0.0034,1.3863,0.004731
0.5 degrees Celsius,science,1,0.0034,1.3863,0.004731
0.5%,science,1,0.0034,1.3863,0.004731
1 million,science,1,0.0034,1.3863,0.004731
"1,923",science,1,0.0034,1.3863,0.004731
1.0%,science,1,0.0034,1.3863,0.004731
1.1%,science,1,0.0034,1.3863,0.004731
1.48 degrees Celsius,science,1,0.0034,1.3863,0.004731
1.5 degree,science,1,0.0034,1.3863,0.004731
1.5 million square kilometers,science,1,0.0034,1.3863,0.004731
1.5%,science,1,0.0034,1.3863,0.004731
1.75 degrees,science,1,0.0034,1.3863,0.004731
1.9 billion,science,1,0.0034,1.3863,0.004731
10-20%,science,1,0.0034,1.3863,0.004731
"100 to 1,000",science,1,0.0034,1.3863,0.004731
11 meters,science,1,0.0034,1.3863,0.004731
12th,science,1,0.0034,1.3863,0.004731
14 consecutive days,science,1,0.0034,1.3863,0.004731
14.5%,science,1,0.0034,1.3863,0.004731
15.5 billion tonnes,science,1,0.0034,1.3863,0.004731
17 kilometers,science,1,0.0034,1.3863,0.004731
18%,science,1,0.0034,1.3863,0.004731
1800,science,1,0.0034,1.3863,0.004731
1850-1900,science,1,0.0034,1.3863,0.004731
1950,science,1,0.0034,1.3863,0.004731
1958,science,1,0.0034,1.3863,0.004731
1979,science,1,0.0034,1.3863,0.004731
1980,science,1,0.0034,1.3863,0.004731
1981-2010,science,1,0.0034,1.3863,0.004731
1982,science,1,0.0034,1.3863,0.004731
1993,science,1,0.0034,1.3863,0.004731
2 degrees,science,2,0.0068,0.6931,0.004731
2 kilometers,science,1,0.0034,1.3863,0.004731
2-3%,science,1,0.0034,1.3863,0.004731
2.6 million square kilometers,science,1,0.0034,1.3863,0.004731
2.8,science,1,0.0034,1.3863,0.004731
20 to 50,science,1,0.0034,1.3863,0.004731
2000-2009,science,1,0.0034,1.3863,0.004731
2006,science,1,0.0034,1.3863,0.004731
2010-2019,science,1,0.0034,1.3863,0.004731
2022,science,2,0.0068,0.6931,0.004731
2023 summer,science,1,0.0034,1.3863,0.004731
"217,175",science,1,0.0034,1.3863,0.004731
227 billion tonnes,science,1,0.0034,1.3863,0.004731
23,science,1,0.0034,1.3863,0.004731
26.0 million square kilometers,science,1,0.0034,1.3863,0.004731
298 billion tonnes,science,1,0.0034,1.3863,0.004731
3 kilometers,science,1,0.0034,1.3863,0.004731
3.5,science,1,0.0034,1.3863,0.004731
31 consecutive days,science,1,0.0034,1.3863,0.004731
31.5%,science,1,0.0034,1.3863,0.004731
34.2%,science,1,0.0034,1.3863,0.004731
36.8 billion tonnes,science,1,0.0034,1.3863,0.004731
4 million tonnes,science,1,0.0034,1.3863,0.004731
4-5 degrees,science,1,0.0034,1.3863,0.004731
4.5 millimeters,science,1,0.0034,1.3863,0.004731
400,science,1,0.0034,1.3863,0.004731
424.0,science,1,0.0034,1.3863,0.004731
43 degrees,science,1,0.0034,1.3863,0.004731
45 million tonnes,science,1,0.0034,1.3863,0.004731
65 centimeters,science,1,0.0034,1.3863,0.004731
7.4%,science,1,0.0034,1.3863,0.004731
7.8 cubic kilometers,science,1,0.0034,1.3863,0.004731
722,science,1,0.0034,1.3863,0.004731
75%,science,1,0.0034,1.3863,0.004731
75-90%,science,1,0.0034,1.3863,0.004731
8.1,science,1,0.0034,1.3863,0.004731
8.2,science,1,0.0034,1.3863,0.004731
85%,science,1,0.0034,1.3863,0.004731
90%,science,1,0.0034,1.3863,0.004731
AMOC,science,1,0.0034,1.3863,0.004731
Alaska,science,1,0.0034,1.3863,0.004731
Alps,science,1,0.0034,1.3863,0.004731
Annual Review of Marine Science,science,1,0.0034,1.3863,0.004731
Antarctic ice,science,1,0.0034,1.3863,0.004731
Antarctica,science,1,0.0034,1.3863,0.004731
Arabian,science,1,0.0034,1.3863,0.004731
Arctic sea,science,1,0.0034,1.3863,0.004731
Arizona,science,1,0.0034,1.3863,0.004731
Atmospheric CO2,science,1,0.0034,1.3863,0.004731
Boulder,science,1,0.0034,1.3863,0.004731
CCS,science,1,0.0034,1.3863,0.004731
CRISPR,science,1,0.0034,1.3863,0.004731
Carlo Buontempo,science,1,0.0034,1.3863,0.004731
Celeste Saulo,science,1,0.0034,1.3863,0.004731
Colorado,science,1,0.0034,1.3863,0.004731
Copernicus,science,1,0.0034,1.3863,0.004731
Copernicus Climate Change Service,science,1,0.0034,1.3863,0.004731
ESA,science,1,0.0034,1.3863,0.004731
ETH Zurich,science,1,0.0034,1.3863,0.004731
East Coast,science,1,0.0034,1.3863,0.004731
El Nino,science,2,0.0068,0.6931,0.004731
GRACE,science,1,0.0034,1.3863,0.004731
Geophysical Research Letters,science,1,0.0034,1.3863,0.004731
Global Methane Assessment,science,1,0.0034,1.3863,0.004731
Goddard Institute for Space Studies,science,1,0.0034,1.3863,0.004731
Gorgon,science,1,0.0034,1.3863,0.004731
Himalayan,science,1,0.0034,1.3863,0.004731
Indo-Pacific,science,1,0.0034,1.3863,0.004731
Iraq,science,1,0.0034,1.3863,0.004731
July 2023,science,2,0.0068,0.6931,0.004731
Marine,science,1,0.0034,1.3863,0.004731
May 2024,science,1,0.0034,1.3863,0.004731
NOAA,science,2,0.0068,0.6931,0.004731
Nature,science,1,0.0034,1.3863,0.004731
Nature Climate Change,science,1,0.0034,1.3863,0.004731
Nature Communications,science,1,0.0034,1.3863,0.004731
Nature Food,science,1,0.0034,1.3863,0.004731
Nature Geoscience,science,1,0.0034,1.3863,0.004731
Northern Europe,science,1,0.0034,1.3863,0.004731
Phoenix,science,1,0.0034,1.3863,0.004731
Qinghai,science,1,0.0034,1.3863,0.004731
Saharan,science,1,0.0034,1.3863,0.004731
Science Advances,science,1,0.0034,1.3863,0.004731
Sentinel,science,1,0.0034,1.3863,0.004731
September,science,1,0.0034,1.3863,0.004731
"September 21, 2023",science,1,0.0034,1.3863,0.004731
Siberia,science,1,0.0034,1.3863,0.004731
Southern Europe,science,2,0.0068,0.6931,0.004731
Swiss,science,1,0.0034,1.3863,0.004731
Tabuk,science,1,0.0034,1.3863,0.004731
The Aletsch Glacier,science,1,0.0034,1.3863,0.004731
The Blue Carbon Initiative,science,1,0.0034,1.3863,0.004731
The British Antarctic Survey,science,1,0.0034,1.3863,0.004731
The Dead Sea's,science,1,0.0034,1.3863,0.004731
The European Space Agency's,science,1,0.0034,1.3863,0.004731
The Gulf of Aqaba's,science,1,0.0034,1.3863,0.004731
The Intergovernmental Panel on Climate Change Special Report,science,1,0.0034,1.3863,0.004731
The Intergovernmental Science-Policy Platform on Biodiversity and Ecosystem Services,science,1,0.0034,1.3863,0.004731
The United Nations Environment Programme,science,1,0.0034,1.3863,0.004731
The World Glacier Monitoring Service,science,1,0.0034,1.3863,0.004731
The World Meteorological Organization,science,1,0.0034,1.3863,0.004731
The World Weather Attribution,science,1,0.0034,1.3863,0.004731
WMO,science,1,0.0034,1.3863,0.004731
West Antarctic Ice Sheet,science,1,0.0034,1.3863,0.004731
Western Australia,science,1,0.0034,1.3863,0.004731
Working Group III,science,1,0.0034,1.3863,0.004731
a decade earlier,science,1,0.0034,1.3863,0.004731
"an estimated 1,800",science,1,0.0034,1.3863,0.004731
approximately 0.7 millimeters,science,1,0.0034,1.3863,0.004731
approximately 15%,science,1,0.0034,1.3863,0.004731
approximately 2.5 degrees,science,1,0.0034,1.3863,0.004731
approximately 2066,science,1,0.0034,1.3863,0.004731
approximately 270 billion tonnes,science,1,0.0034,1.3863,0.004731
approximately 34%,science,1,0.0034,1.3863,0.004731
approximately 40%,science,1,0.0034,1.3863,0.004731
approximately 400 hectares,science,1,0.0034,1.3863,0.004731
approximately 50%,science,1,0.0034,1.3863,0.004731
approximately 600 million tonnes,science,1,0.0034,1.3863,0.004731
between 2006 and 2022,science,1,0.0034,1.3863,0.004731
between 2012 and 2022,science,1,0.0034,1.3863,0.004731
between 2015 and 2023,science,1,0.0034,1.3863,0.004731
decades,science,1,0.0034,1.3863,0.004731
mid-2023,science,1,0.0034,1.3863,0.004731
mid-century,science,1,0.0034,1.3863,0.004731
more than 2.5,science,1,0.0034,1.3863,0.004731
over 1 meter,science,1,0.0034,1.3863,0.004731
"over 1,500",science,1,0.0034,1.3863,0.004731
"roughly 1,500 billion tonnes",science,1,0.0034,1.3863,0.004731
seven years,science,1,0.0034,1.3863,0.004731
sixth,science,1,0.0034,1.3863,0.004731
the Alfred Wegener Institute,science,1,0.0034,1.3863,0.004731
the Aqaba Marine Science Station,science,1,0.0034,1.3863,0.004731
the Dead Sea,science,1,0.0034,1.3863,0.004731
the Doomsday Glacier,science,1,0.0034,1.3863,0.004731
the Eastern Mediterranean,science,1,0.0034,1.3863,0.004731
the European Space Agency's,science,1,0.0034,1.3863,0.004731
the Global CCS Institute,science,1,0.0034,1.3863,0.004731
the Great Barrier Reef Foundation,science,1,0.0034,1.3863,0.004731
the Helmholtz Centre for Environmental Research,science,1,0.0034,1.3863,0.004731
the King Abdullah University of Science and Technology,science,1,0.0034,1.3863,0.004731
the Mauna Loa Observatory,science,1,0.0034,1.3863,0.004731
the Max Planck Institute for Meteorology,science,1,0.0034,1.3863,0.004731
the National Academy of Sciences,science,1,0.0034,1.3863,0.004731
the National Snow and Ice Data Center,science,1,0.0034,1.3863,0.004731
the North Atlantic,science,1,0.0034,1.3863,0.004731
the Potsdam Institute for Climate Impact Research,science,1,0.0034,1.3863,0.004731
the Southern Ocean,science,1,0.0034,1.3863,0.004731
the Tibetan Plateau,science,1,0.0034,1.3863,0.004731
the University of Leeds,science,1,0.0034,1.3863,0.004731
the West Antarctic Ice Sheet,science,1,0.0034,1.3863,0.004731
the early 2000s,science,1,0.0034,1.3863,0.004731
the hottest month,science,1,0.0034,1.3863,0.004731
the last 15 years,science,1,0.0034,1.3863,0.004731
the past two years,science,1,0.0034,1.3863,0.004731
the preceding 12 months,science,1,0.0034,1.3863,0.004731
the previous decade,science,1,0.0034,1.3863,0.004731
the previous year,science,1,0.0034,1.3863,0.004731
the warmest year,science,1,0.0034,1.3863,0.004731
three decades,science,1,0.0034,1.3863,0.004731
up to 10,science,1,0.0034,1.3863,0.004731
up to 70%,science,1,0.0034,1.3863,0.004731
winter,science,1,0.0034,1.3863,0.004731
zero,science,1,0.0034,1.3863,0.004731
Saudi Arabia,science,3,0.0102,0.2877,0.002946
September 2023,science,3,0.0102,0.2877,0.002946
0.5 degrees,science,1,0.0034,0.6931,0.002366
10%,science,1,0.0034,0.6931,0.002366
1960,science,1,0.0034,0.6931,0.002366
1970,science,1,0.0034,0.6931,0.002366
1990,science,1,0.0034,0.6931,0.002366
20%,science,1,0.0034,0.6931,0.002366
2010,science,1,0.0034,0.6931,0.002366
21%,science,1,0.0034,0.6931,0.002366
280,science,1,0.0034,0.6931,0.002366
30%,science,1,0.0034,0.6931,0.002366
40 years,science,1,0.0034,0.6931,0.002366
60%,science,1,0.0034,0.6931,0.002366
China,science,1,0.0034,0.6931,0.002366
Earth,science,1,0.0034,0.6931,0.002366
European Union,science,1,0.0034,0.6931,0.002366
Hawaii,science,1,0.0034,0.6931,0.002366
IPCC,science,1,0.0034,0.6931,0.002366
January 2024,science,1,0.0034,0.6931,0.002366
United States,science,1,0.0034,0.6931,0.002366
the Montreal Protocol,science,1,0.0034,0.6931,0.002366
the Northern Hemisphere,science,1,0.0034,0.6931,0.002366
2100,science,2,0.0068,0.2877,0.001964
North Africa,science,2,0.0068,0.2877,0.001964
2024,science,1,0.0034,0.2877,0.000982
40%,science,1,0.0034,0.2877,0.000982
45%,science,1,0.0034,0.2877,0.000982
80%,science,1,0.0034,0.2877,0.000982
Mediterranean,science,1,0.0034,0.2877,0.000982
UNEP,science,1,0.0034,0.2877,0.000982
the Jordan Valley,science,1,0.0034,0.2877,0.000982
2023,science,6,0.0205,0.0,0.0
2030,science,2,0.0068,0.0,0.0
2050,science,2,0.0068,0.0,0.0
India,science,1,0.0034,0.0,0.0
Jordan,science,4,0.0137,0.0,0.0
March 2024,science,2,0.0068,0.0,0.0
